{
  "ContractCheckerOnly": {
    "ci_high": 0.3524720893141946,
    "ci_low": 0.23819301848049282,
    "mean_diff": 0.30463066096264235
  },
  "ContractClassifierOnly": {
    "ci_high": 0.3524720893141946,
    "ci_low": 0.23819301848049282,
    "mean_diff": 0.30463066096264235
  },
  "ContractCompilerOnly": {
    "ci_high": 0.34415584415584416,
    "ci_low": 0.23172905525846701,
    "mean_diff": 0.29705808776118964
  },
  "ContractOnlyClassifier": {
    "ci_high": 0.3524720893141946,
    "ci_low": 0.23819301848049282,
    "mean_diff": 0.30463066096264235
  },
  "ContractPromptHeuristic": {
    "ci_high": 0.3153846153846154,
    "ci_low": 0.21861471861471862,
    "mean_diff": 0.2757704521032444
  },
  "ContractShufflePACT": {
    "ci_high": 0.3524720893141946,
    "ci_low": 0.23819301848049282,
    "mean_diff": 0.30463066096264235
  },
  "FullHistory": {
    "ci_high": 0.3122866894197952,
    "ci_low": 0.21711899791231734,
    "mean_diff": 0.2739275075296794
  },
  "KeywordTrigger": {
    "ci_high": 0.3484848484848485,
    "ci_low": 0.23208191126279865,
    "mean_diff": 0.2990276454487392
  },
  "LLMContractClassifier": {
    "ci_high": 0.3524720893141946,
    "ci_low": 0.23819301848049282,
    "mean_diff": 0.30463066096264235
  },
  "LLMContractSelfCheck": {
    "ci_high": 0.3524720893141946,
    "ci_low": 0.23819301848049282,
    "mean_diff": 0.30463066096264235
  },
  "LLMFullHistory": {
    "ci_high": 0.3524720893141946,
    "ci_low": 0.23819301848049282,
    "mean_diff": 0.30463066096264235
  },
  "LLMRawMemoryRAG": {
    "ci_high": 0.3524720893141946,
    "ci_low": 0.23819301848049282,
    "mean_diff": 0.30463066096264235
  },
  "LabelPermutationSanity": {
    "ci_high": 0.6395534290271132,
    "ci_low": 0.5288461538461539,
    "mean_diff": 0.5926677979896346
  },
  "LearnedPAM": {
    "ci_high": 0.36796536796536794,
    "ci_low": 0.25384615384615383,
    "mean_diff": 0.31788833051072135
  },
  "LearnedPAM_plus_checker": {
    "ci_high": 0.2751540041067762,
    "ci_low": 0.1414141414141414,
    "mean_diff": 0.20845119772543075
  },
  "LearnedPAM_plus_family_compiler": {
    "ci_high": 0.2727272727272727,
    "ci_low": 0.09523809523809523,
    "mean_diff": 0.1905146936634089
  },
  "NoMemory": {
    "ci_high": 0.3524720893141946,
    "ci_low": 0.23819301848049282,
    "mean_diff": 0.30463066096264235
  },
  "PACTFull_current": {
    "ci_high": 0.0,
    "ci_low": 0.0,
    "mean_diff": 0.0
  },
  "PACT_R2_full": {
    "ci_high": 0.02242152466367713,
    "ci_low": -0.01594896331738437,
    "mean_diff": 0.0021682433424869683
  },
  "PACT_S_broadness_penalty": {
    "ci_high": 0.26573426573426573,
    "ci_low": 0.10409556313993173,
    "mean_diff": 0.18881316782819982
  },
  "PACT_S_contract_text_masked": {
    "ci_high": 0.3352272727272727,
    "ci_low": 0.21560574948665298,
    "mean_diff": 0.28549747492239563
  },
  "PACT_S_family_masked": {
    "ci_high": 0.2673076923076923,
    "ci_low": 0.16837782340862423,
    "mean_diff": 0.21868663999144136
  },
  "PACT_S_family_only": {
    "ci_high": 0.3352272727272727,
    "ci_low": 0.21560574948665298,
    "mean_diff": 0.28549747492239563
  },
  "PACT_S_full": {
    "ci_high": 0.26573426573426573,
    "ci_low": 0.10409556313993173,
    "mean_diff": 0.18881316782819982
  },
  "PACT_S_margin_abstain": {
    "ci_high": 0.26573426573426573,
    "ci_low": 0.10409556313993173,
    "mean_diff": 0.18881316782819982
  },
  "PACT_S_margins": {
    "ci_high": 0.26573426573426573,
    "ci_low": 0.10409556313993173,
    "mean_diff": 0.18881316782819982
  },
  "PACT_S_multi_select_top2": {
    "ci_high": 0.26573426573426573,
    "ci_low": 0.10409556313993173,
    "mean_diff": 0.18881316782819982
  },
  "PACT_S_no_NULL": {
    "ci_high": 0.6096256684491979,
    "ci_low": 0.4489311163895487,
    "mean_diff": 0.5409834422635508
  },
  "PACT_S_null_margin": {
    "ci_high": 0.26573426573426573,
    "ci_low": 0.10409556313993173,
    "mean_diff": 0.18881316782819982
  },
  "PACT_S_null_only": {
    "ci_high": 0.2597402597402597,
    "ci_low": 0.09090909090909091,
    "mean_diff": 0.17933767266252795
  },
  "PACT_S_pairwise_ranker": {
    "ci_high": 0.26573426573426573,
    "ci_low": 0.10409556313993173,
    "mean_diff": 0.18881316782819982
  },
  "PACT_S_second_margin": {
    "ci_high": 0.2597402597402597,
    "ci_low": 0.09090909090909091,
    "mean_diff": 0.17933767266252795
  },
  "PACT_S_zscore_calibration": {
    "ci_high": 0.39835728952772076,
    "ci_low": 0.24242424242424243,
    "mean_diff": 0.3334423502997431
  },
  "PACT_conditional_bonus": {
    "ci_high": 0.05286343612334802,
    "ci_low": 0.02127659574468085,
    "mean_diff": 0.03656551102463987
  },
  "PACT_intent_family_gate": {
    "ci_high": 0.06493506493506493,
    "ci_low": 0.0016835016835016834,
    "mean_diff": 0.03317796247296203
  },
  "PACT_intent_plus_state": {
    "ci_high": 0.012320328542094456,
    "ci_low": -0.025597269624573378,
    "mean_diff": -0.0074242741210601496
  },
  "PACT_intent_plus_state_checker": {
    "ci_high": 0.012320328542094456,
    "ci_low": -0.025597269624573378,
    "mean_diff": -0.0074242741210601496
  },
  "PACT_intent_plus_state_family_compiler": {
    "ci_high": 0.004662004662004662,
    "ci_low": -0.07597535934291581,
    "mean_diff": -0.029346667974642394
  },
  "PACT_no_checker": {
    "ci_high": 0.33274021352313166,
    "ci_low": 0.244122965641953,
    "mean_diff": 0.2989115854507378
  },
  "PACT_no_compiler": {
    "ci_high": 0.11904761904761904,
    "ci_low": 0.0,
    "mean_diff": 0.042911921929512514
  },
  "PACT_no_conflict_resolver": {
    "ci_high": 0.05286343612334802,
    "ci_low": 0.02127659574468085,
    "mean_diff": 0.03656551102463987
  },
  "PACT_no_guard": {
    "ci_high": 0.12280701754385964,
    "ci_low": 0.05605381165919283,
    "mean_diff": 0.0878107309874359
  },
  "PACT_raw_memory": {
    "ci_high": 0.2727272727272727,
    "ci_low": 0.1590909090909091,
    "mean_diff": 0.21498844270393985
  },
  "PACT_specificity_gate": {
    "ci_high": 0.054924242424242424,
    "ci_low": 0.023172905525846704,
    "mean_diff": 0.03856891774449791
  },
  "PACT_state_action_split": {
    "ci_high": 0.0022026431718061676,
    "ci_low": -0.01651376146788991,
    "mean_diff": -0.0060354507540653695
  },
  "QueryOnlyClassifier": {
    "ci_high": 0.3889908256880734,
    "ci_low": 0.2792207792207792,
    "mean_diff": 0.34139531386047667
  },
  "QueryPlusContractClassifier": {
    "ci_high": 0.388671875,
    "ci_low": 0.2669404517453799,
    "mean_diff": 0.33502857165518785
  },
  "QueryPlusFamilyClassifier": {
    "ci_high": 0.20833333333333334,
    "ci_low": 0.05827505827505827,
    "mean_diff": 0.14241970358101316
  },
  "QueryPlusWrongContractOnly": {
    "ci_high": 0.28952772073921973,
    "ci_low": 0.15757575757575756,
    "mean_diff": 0.22373971823800937
  },
  "RawMemorySelfCheck": {
    "ci_high": 0.34415584415584416,
    "ci_low": 0.23172905525846701,
    "mean_diff": 0.29705808776118964
  },
  "TfidfRawMemory": {
    "ci_high": 0.3766519823788546,
    "ci_low": 0.2537878787878788,
    "mean_diff": 0.32232469655612184
  }
}
