{
  "ContractCheckerOnly": {
    "b01": 16,
    "b10": 175,
    "p": 5.505127773536497e-35
  },
  "ContractClassifierOnly": {
    "b01": 16,
    "b10": 175,
    "p": 5.505127773536497e-35
  },
  "ContractCompilerOnly": {
    "b01": 16,
    "b10": 171,
    "p": 6.203521985032025e-34
  },
  "ContractOnlyClassifier": {
    "b01": 16,
    "b10": 175,
    "p": 5.505127773536497e-35
  },
  "ContractPromptHeuristic": {
    "b01": 16,
    "b10": 160,
    "p": 4.647621727538377e-31
  },
  "ContractShufflePACT": {
    "b01": 16,
    "b10": 175,
    "p": 5.505127773536497e-35
  },
  "FullHistory": {
    "b01": 16,
    "b10": 159,
    "p": 8.455954229574323e-31
  },
  "KeywordTrigger": {
    "b01": 16,
    "b10": 172,
    "p": 3.38831914870163e-34
  },
  "LLMContractClassifier": {
    "b01": 16,
    "b10": 175,
    "p": 5.505127773536497e-35
  },
  "LLMContractSelfCheck": {
    "b01": 16,
    "b10": 175,
    "p": 5.505127773536497e-35
  },
  "LLMFullHistory": {
    "b01": 16,
    "b10": 175,
    "p": 5.505127773536497e-35
  },
  "LLMRawMemoryRAG": {
    "b01": 16,
    "b10": 175,
    "p": 5.505127773536497e-35
  },
  "LabelPermutationSanity": {
    "b01": 9,
    "b10": 318,
    "p": 7.934942450185865e-82
  },
  "LearnedPAM": {
    "b01": 16,
    "b10": 182,
    "p": 7.802336169147518e-37
  },
  "LearnedPAM_plus_checker": {
    "b01": 19,
    "b10": 127,
    "p": 8.426668768018535e-21
  },
  "LearnedPAM_plus_family_compiler": {
    "b01": 28,
    "b10": 127,
    "p": 2.912982311238307e-16
  },
  "NoMemory": {
    "b01": 16,
    "b10": 175,
    "p": 5.505127773536497e-35
  },
  "PACTFull_current": {
    "b01": 0,
    "b10": 0,
    "p": 1.0
  },
  "PACT_R2_full": {
    "b01": 14,
    "b10": 15,
    "p": 1.0
  },
  "PACT_S_broadness_penalty": {
    "b01": 27,
    "b10": 125,
    "p": 2.842953625825025e-16
  },
  "PACT_S_contract_text_masked": {
    "b01": 19,
    "b10": 168,
    "p": 5.355420111346468e-31
  },
  "PACT_S_family_masked": {
    "b01": 9,
    "b10": 123,
    "p": 1.0041940609899223e-26
  },
  "PACT_S_family_only": {
    "b01": 19,
    "b10": 168,
    "p": 5.355420111346468e-31
  },
  "PACT_S_full": {
    "b01": 27,
    "b10": 125,
    "p": 2.842953625825025e-16
  },
  "PACT_S_margin_abstain": {
    "b01": 27,
    "b10": 125,
    "p": 2.842953625825025e-16
  },
  "PACT_S_margins": {
    "b01": 27,
    "b10": 125,
    "p": 2.842953625825025e-16
  },
  "PACT_S_multi_select_top2": {
    "b01": 27,
    "b10": 125,
    "p": 2.842953625825025e-16
  },
  "PACT_S_no_NULL": {
    "b01": 22,
    "b10": 304,
    "p": 1.3271665122301362e-64
  },
  "PACT_S_null_margin": {
    "b01": 27,
    "b10": 125,
    "p": 2.842953625825025e-16
  },
  "PACT_S_null_only": {
    "b01": 28,
    "b10": 121,
    "p": 5.593190123542068e-15
  },
  "PACT_S_pairwise_ranker": {
    "b01": 27,
    "b10": 125,
    "p": 2.842953625825025e-16
  },
  "PACT_S_second_margin": {
    "b01": 28,
    "b10": 121,
    "p": 5.593190123542068e-15
  },
  "PACT_S_zscore_calibration": {
    "b01": 28,
    "b10": 202,
    "p": 1.067462350536912e-33
  },
  "PACT_conditional_bonus": {
    "b01": 0,
    "b10": 19,
    "p": 3.814697265625e-06
  },
  "PACT_intent_family_gate": {
    "b01": 10,
    "b10": 27,
    "p": 0.007632078602910042
  },
  "PACT_intent_plus_state": {
    "b01": 14,
    "b10": 10,
    "p": 0.5412561893463135
  },
  "PACT_intent_plus_state_checker": {
    "b01": 14,
    "b10": 10,
    "p": 0.5412561893463135
  },
  "PACT_intent_plus_state_family_compiler": {
    "b01": 25,
    "b10": 10,
    "p": 0.01667384780012071
  },
  "PACT_no_checker": {
    "b01": 0,
    "b10": 156,
    "p": 2.1895288505075267e-47
  },
  "PACT_no_compiler": {
    "b01": 0,
    "b10": 22,
    "p": 4.76837158203125e-07
  },
  "PACT_no_conflict_resolver": {
    "b01": 0,
    "b10": 19,
    "p": 3.814697265625e-06
  },
  "PACT_no_guard": {
    "b01": 3,
    "b10": 49,
    "p": 1.042677055806962e-11
  },
  "PACT_raw_memory": {
    "b01": 7,
    "b10": 119,
    "p": 2.106744039965381e-27
  },
  "PACT_specificity_gate": {
    "b01": 2,
    "b10": 22,
    "p": 3.5881996154785156e-05
  },
  "PACT_state_action_split": {
    "b01": 4,
    "b10": 1,
    "p": 0.375
  },
  "QueryOnlyClassifier": {
    "b01": 12,
    "b10": 190,
    "p": 2.2918741614531988e-42
  },
  "QueryPlusContractClassifier": {
    "b01": 14,
    "b10": 189,
    "p": 2.456759117953516e-40
  },
  "QueryPlusFamilyClassifier": {
    "b01": 30,
    "b10": 104,
    "p": 9.319307580879302e-11
  },
  "QueryPlusWrongContractOnly": {
    "b01": 17,
    "b10": 133,
    "p": 1.7309935519822622e-23
  },
  "RawMemorySelfCheck": {
    "b01": 16,
    "b10": 171,
    "p": 6.203521985032025e-34
  },
  "TfidfRawMemory": {
    "b01": 15,
    "b10": 183,
    "p": 6.778189452767974e-38
  }
}
