{
  "ContractCheckerOnly": {
    "b01": 16,
    "b10": 175,
    "p": 5.505127773536497e-35
  },
  "ContractClassifierOnly": {
    "b01": 16,
    "b10": 175,
    "p": 5.505127773536497e-35
  },
  "ContractCompilerOnly": {
    "b01": 16,
    "b10": 171,
    "p": 6.203521985032025e-34
  },
  "ContractPromptHeuristic": {
    "b01": 16,
    "b10": 160,
    "p": 4.647621727538377e-31
  },
  "ContractShufflePACT": {
    "b01": 16,
    "b10": 175,
    "p": 5.505127773536497e-35
  },
  "FullHistory": {
    "b01": 16,
    "b10": 159,
    "p": 8.455954229574323e-31
  },
  "KeywordTrigger": {
    "b01": 16,
    "b10": 172,
    "p": 3.38831914870163e-34
  },
  "LLMContractClassifier": {
    "b01": 16,
    "b10": 175,
    "p": 5.505127773536497e-35
  },
  "LLMContractSelfCheck": {
    "b01": 16,
    "b10": 175,
    "p": 5.505127773536497e-35
  },
  "LLMFullHistory": {
    "b01": 16,
    "b10": 175,
    "p": 5.505127773536497e-35
  },
  "LLMRawMemoryRAG": {
    "b01": 16,
    "b10": 175,
    "p": 5.505127773536497e-35
  },
  "LabelPermutationSanity": {
    "b01": 9,
    "b10": 318,
    "p": 7.934942450185865e-82
  },
  "NoMemory": {
    "b01": 16,
    "b10": 175,
    "p": 5.505127773536497e-35
  },
  "PACTFull_current": {
    "b01": 0,
    "b10": 0,
    "p": 1.0
  },
  "PACT_R2_full": {
    "b01": 14,
    "b10": 15,
    "p": 1.0
  },
  "PACT_conditional_bonus": {
    "b01": 0,
    "b10": 19,
    "p": 3.814697265625e-06
  },
  "PACT_intent_family_gate": {
    "b01": 10,
    "b10": 27,
    "p": 0.007632078602910042
  },
  "PACT_no_checker": {
    "b01": 0,
    "b10": 156,
    "p": 2.1895288505075267e-47
  },
  "PACT_no_compiler": {
    "b01": 0,
    "b10": 22,
    "p": 4.76837158203125e-07
  },
  "PACT_no_conflict_resolver": {
    "b01": 0,
    "b10": 19,
    "p": 3.814697265625e-06
  },
  "PACT_no_guard": {
    "b01": 3,
    "b10": 49,
    "p": 1.042677055806962e-11
  },
  "PACT_raw_memory": {
    "b01": 7,
    "b10": 119,
    "p": 2.106744039965381e-27
  },
  "PACT_specificity_gate": {
    "b01": 2,
    "b10": 22,
    "p": 3.5881996154785156e-05
  },
  "PACT_state_action_split": {
    "b01": 4,
    "b10": 1,
    "p": 0.375
  },
  "QueryOnlyClassifier": {
    "b01": 12,
    "b10": 190,
    "p": 2.2918741614531988e-42
  },
  "RawMemorySelfCheck": {
    "b01": 16,
    "b10": 171,
    "p": 6.203521985032025e-34
  },
  "TfidfRawMemory": {
    "b01": 15,
    "b10": 183,
    "p": 6.778189452767974e-38
  }
}
