{
  "ContractShufflePACT": {
    "b01": 10,
    "b10": 115,
    "p": 9.11799030781427e-24
  },
  "QueryOnlyClassifier": {
    "b01": 8,
    "b10": 127,
    "p": 1.0842209495628087e-28
  }
}
