method,set_type,trigger_accuracy,fire_precision,fire_recall,fire_f1,indirect_trigger_recall,indirect_action_completion,false_trigger_rate,wrong_scope_false_trigger_rate,already_satisfied_accuracy,conflict_accuracy,checker_repair_gain,contract_swap_sensitivity,paraphrase_consistency,per_family_variance,end_to_end_success,end_to_end_success_indirect,end_to_end_success_near_miss,end_to_end_success_wrong_scope,weighted_utility
PACTFull,controlled,0.9,0.7909090909090909,0.9456521739130435,0.8613861386138613,0.9642857142857143,0.8571428571428571,0.010869565217391304,0.0,1.0,0.5,0.896551724137931,0.8,-0.8642857142857143,0.1208253509496197,0.8642857142857143,0.8571428571428571,0.9821428571428571,1.0,0.6642857142857143
PACTFull,naturalistic,0.8571428571428571,0.75,1.0,0.8571428571428571,1.0,0.8888888888888888,0.0,0.0,1.0,0.25,0.8888888888888888,0.0,0.0,0.15930231976004866,0.8214285714285714,0.8888888888888888,1.0,1.0,0.5535714285714286
PACTFull,paraphrase,0.975,1.0,0.9375,0.967741935483871,0.9375,0.9375,0.0,0.0,0.0,0.0,1.0,0.0,0.975,0.03936479108111086,0.975,0.9375,1.0,1.0,0.975
QueryOnlyClassifier,controlled,0.6785714285714286,0.6382978723404256,0.32608695652173914,0.4316546762589928,0.35714285714285715,0.0,0.0,0.0,1.0,0.5,0.0,0.65,-0.5214285714285715,0.0481125224324688,0.5214285714285715,0.0,1.0,1.0,0.35
QueryOnlyClassifier,naturalistic,0.6428571428571429,0.6666666666666666,0.2222222222222222,0.3333333333333333,0.2222222222222222,0.0,0.0,0.0,1.0,0.25,0.0,1.0,0.0,0.17568209223157663,0.5357142857142857,0.0,1.0,1.0,0.3392857142857143
QueryOnlyClassifier,paraphrase,0.775,1.0,0.4375,0.6086956521739131,0.4375,0.0,0.0,0.0,0.0,0.0,0.0,0.0,0.6,0.05580922344458488,0.6,0.0,1.0,1.0,0.6
ContractShufflePACT,controlled,0.6214285714285714,0.0,0.0,0.0,0.0,0.0,0.0,0.0,1.0,0.5,0.0,1.0,-0.5714285714285714,0.01571348402636772,0.5714285714285714,0.0,1.0,1.0,0.45
ContractShufflePACT,naturalistic,0.5714285714285714,0.0,0.0,0.0,0.0,0.0,0.0,0.0,1.0,0.25,0.0,1.0,0.0,0.17568209223157663,0.5357142857142857,0.0,1.0,1.0,0.3392857142857143
ContractShufflePACT,paraphrase,0.6,0.0,0.0,0.0,0.0,0.0,0.0,0.0,0.0,0.0,0.0,0.0,0.6,0.05580922344458488,0.6,0.0,1.0,1.0,0.6
