{
  "ContractShufflePACT": {
    "already_satisfied_accuracy": 1.0,
    "checker_repair_gain": 0.0,
    "conflict_accuracy": 0.46875,
    "contract_swap_sensitivity": 1.0,
    "end_to_end_success": 0.5718390804597702,
    "end_to_end_success_indirect": 0.0,
    "end_to_end_success_near_miss": 1.0,
    "end_to_end_success_wrong_scope": 1.0,
    "false_trigger_rate": 0.0,
    "fire_f1": 0.0,
    "fire_precision": 0.0,
    "fire_recall": 0.0,
    "indirect_action_completion": 0.0,
    "indirect_trigger_recall": 0.0,
    "paraphrase_consistency": 0.02857142857142858,
    "per_family_variance": 0.02980811596469269,
    "trigger_accuracy": 0.6149425287356322,
    "weighted_utility": 0.4583333333333333,
    "wrong_scope_false_trigger_rate": 0.0
  },
  "PACTFull": {
    "already_satisfied_accuracy": 1.0,
    "checker_repair_gain": 0.9099099099099099,
    "conflict_accuracy": 0.46875,
    "contract_swap_sensitivity": 0.7804878048780488,
    "end_to_end_success": 0.8735632183908046,
    "end_to_end_success_indirect": 0.8765432098765432,
    "end_to_end_success_near_miss": 0.9873417721518988,
    "end_to_end_success_wrong_scope": 1.0,
    "false_trigger_rate": 0.007936507936507936,
    "fire_f1": 0.8740157480314961,
    "fire_precision": 0.8102189781021898,
    "fire_recall": 0.9487179487179487,
    "indirect_action_completion": 0.8765432098765432,
    "indirect_trigger_recall": 0.9629629629629629,
    "paraphrase_consistency": 0.11071428571428565,
    "per_family_variance": 0.11601555075879352,
    "trigger_accuracy": 0.9051724137931034,
    "weighted_utility": 0.6910919540229885,
    "wrong_scope_false_trigger_rate": 0.0
  },
  "QueryOnlyClassifier": {
    "already_satisfied_accuracy": 1.0,
    "checker_repair_gain": 0.0,
    "conflict_accuracy": 0.46875,
    "contract_swap_sensitivity": 0.6585365853658537,
    "end_to_end_success": 0.5316091954022989,
    "end_to_end_success_indirect": 0.0,
    "end_to_end_success_near_miss": 1.0,
    "end_to_end_success_wrong_scope": 1.0,
    "false_trigger_rate": 0.0,
    "fire_f1": 0.44827586206896547,
    "fire_precision": 0.6842105263157895,
    "fire_recall": 0.3333333333333333,
    "indirect_action_completion": 0.0,
    "indirect_trigger_recall": 0.35802469135802467,
    "paraphrase_consistency": 0.07857142857142851,
    "per_family_variance": 0.049658895270948314,
    "trigger_accuracy": 0.6867816091954023,
    "weighted_utility": 0.37787356321839083,
    "wrong_scope_false_trigger_rate": 0.0
  }
}
