bucket,n,success_rate
0-0.05,6,0.16666666666666666
0.05-0.10,25,0.56
<0,319,0.768025078369906
>=0.10,170,0.5941176470588235
