bucket,n,success_rate
0-0.05,78,0.5897435897435898
0.05-0.10,62,0.5967741935483871
>=0.10,380,0.7315789473684211
