variant,strict_e2e
short structured labels,0.5961538461538461
original,0.6942307692307692
