held_out_family,strict_e2e
admissions_cs,0.5454545454545454
benchmark_novelty,0.5757575757575758
code_security,0.7878787878787878
current_facts,0.6060606060606061
data_analysis_hygiene,0.5757575757575758
email_rewriting,0.6060606060606061
food_safety,0.6666666666666666
legal_policy_caution,0.8181818181818182
medical_caution,0.6060606060606061
research_ideation,0.7727272727272727
scheduling,0.7878787878787878
travel_planning,0.7758620689655172
