method,strict_e2e,wrong_contract_false_trigger_rate,indirect_strict_success,target_completion,conflict_safe_action,NULL_accuracy,correct_contract_selection_rate
PACT_S_margins,0.6942307692307692,0.0,0.29545454545454547,0.32727272727272727,0.45,0.6323529411764706,0.6884615384615385
PACT_S_broadness_penalty,0.6942307692307692,0.0,0.29545454545454547,0.32727272727272727,0.45,0.6323529411764706,0.6884615384615385
PACT_S_zscore_calibration,0.5480769230769231,0.0,0.3787878787878788,0.4590909090909091,0.75,0.5015197568389058,0.5807692307692308
PACT_S_full,0.6942307692307692,0.0,0.29545454545454547,0.32727272727272727,0.45,0.6323529411764706,0.6884615384615385
