contract_id,family,broadness,overactivation_rate,false_fire_count,average_score_on_gold,average_score_on_non_gold,specificity_ratio
legal_policy_uncertainty,legal_policy_caution,0.09554137632368548,0.004073319755600814,2,0.28205378630795136,0.059917505766702586,4.707368617882198
entry_constraints,travel_planning,0.00903699980246751,0.0021929824561403508,1,0.025699635259104174,-0.18717025622190372,-0.13730619264973074
schedule_conflict_check,scheduling,0.005567935928594202,0.004081632653061225,2,0.10274312696826188,-0.1902791976326258,-0.5399598497710149
research_prior_work,research_ideation,0.004256357889889182,0.002232142857142857,1,0.03145672059895321,-0.13753056724412352,-0.22872530252213663
flask_auth_security,code_security,0.0032492848597748276,0.004464285714285714,2,-0.026548612765739207,-0.19467641180703726,0.13637303317493915
