difficulty,strict_e2e
easy negative,0.6711538461538461
medium negative,0.6711538461538461
hard negative,0.6730769230769231
ultra-hard negative,0.6730769230769231
