curriculum,strict_e2e
easy negatives only,0.6942307692307692
easy + medium,0.6942307692307692
easy + medium + hard,0.6942307692307692
all including contract swaps,0.6942307692307692
