repair_passes,target_completion
0,0.32727272727272727
1,0.3472727272727273
2,0.36727272727272725
3,0.38727272727272727
