{
  "ContractCheckerOnly": {
    "observed_diff": 0.3057692307692308,
    "p": 0.000999000999000999
  },
  "ContractClassifierOnly": {
    "observed_diff": 0.3057692307692308,
    "p": 0.000999000999000999
  },
  "ContractCompilerOnly": {
    "observed_diff": 0.2980769230769231,
    "p": 0.000999000999000999
  },
  "ContractOnlyClassifier": {
    "observed_diff": 0.3057692307692308,
    "p": 0.000999000999000999
  },
  "ContractPromptHeuristic": {
    "observed_diff": 0.27692307692307694,
    "p": 0.000999000999000999
  },
  "ContractShufflePACT": {
    "observed_diff": 0.3057692307692308,
    "p": 0.000999000999000999
  },
  "FullHistory": {
    "observed_diff": 0.275,
    "p": 0.000999000999000999
  },
  "KeywordTrigger": {
    "observed_diff": 0.3,
    "p": 0.000999000999000999
  },
  "LLMContractClassifier": {
    "observed_diff": 0.3057692307692308,
    "p": 0.000999000999000999
  },
  "LLMContractSelfCheck": {
    "observed_diff": 0.3057692307692308,
    "p": 0.000999000999000999
  },
  "LLMFullHistory": {
    "observed_diff": 0.3057692307692308,
    "p": 0.000999000999000999
  },
  "LLMRawMemoryRAG": {
    "observed_diff": 0.3057692307692308,
    "p": 0.000999000999000999
  },
  "LabelPermutationSanity": {
    "observed_diff": 0.5942307692307692,
    "p": 0.000999000999000999
  },
  "LearnedPAM": {
    "observed_diff": 0.3192307692307692,
    "p": 0.000999000999000999
  },
  "LearnedPAM_plus_checker": {
    "observed_diff": 0.2076923076923077,
    "p": 0.000999000999000999
  },
  "LearnedPAM_plus_family_compiler": {
    "observed_diff": 0.19038461538461537,
    "p": 0.000999000999000999
  },
  "NoMemory": {
    "observed_diff": 0.3057692307692308,
    "p": 0.000999000999000999
  },
  "PACTFull_current": {
    "observed_diff": 0.0,
    "p": 1.0
  },
  "PACT_R2_full": {
    "observed_diff": 0.0019230769230769232,
    "p": 1.0
  },
  "PACT_S_broadness_penalty": {
    "observed_diff": 0.18846153846153846,
    "p": 0.000999000999000999
  },
  "PACT_S_contract_text_masked": {
    "observed_diff": 0.2865384615384615,
    "p": 0.000999000999000999
  },
  "PACT_S_family_masked": {
    "observed_diff": 0.21923076923076923,
    "p": 0.000999000999000999
  },
  "PACT_S_family_only": {
    "observed_diff": 0.2865384615384615,
    "p": 0.000999000999000999
  },
  "PACT_S_full": {
    "observed_diff": 0.18846153846153846,
    "p": 0.000999000999000999
  },
  "PACT_S_margin_abstain": {
    "observed_diff": 0.18846153846153846,
    "p": 0.000999000999000999
  },
  "PACT_S_margins": {
    "observed_diff": 0.18846153846153846,
    "p": 0.000999000999000999
  },
  "PACT_S_multi_select_top2": {
    "observed_diff": 0.18846153846153846,
    "p": 0.000999000999000999
  },
  "PACT_S_no_NULL": {
    "observed_diff": 0.5423076923076923,
    "p": 0.000999000999000999
  },
  "PACT_S_null_margin": {
    "observed_diff": 0.18846153846153846,
    "p": 0.000999000999000999
  },
  "PACT_S_null_only": {
    "observed_diff": 0.17884615384615385,
    "p": 0.000999000999000999
  },
  "PACT_S_pairwise_ranker": {
    "observed_diff": 0.18846153846153846,
    "p": 0.000999000999000999
  },
  "PACT_S_second_margin": {
    "observed_diff": 0.17884615384615385,
    "p": 0.000999000999000999
  },
  "PACT_S_zscore_calibration": {
    "observed_diff": 0.3346153846153846,
    "p": 0.000999000999000999
  },
  "PACT_conditional_bonus": {
    "observed_diff": 0.03653846153846154,
    "p": 0.000999000999000999
  },
  "PACT_intent_family_gate": {
    "observed_diff": 0.032692307692307694,
    "p": 0.011988011988011988
  },
  "PACT_intent_plus_state": {
    "observed_diff": -0.007692307692307693,
    "p": 0.5234765234765235
  },
  "PACT_intent_plus_state_checker": {
    "observed_diff": -0.007692307692307693,
    "p": 0.5234765234765235
  },
  "PACT_intent_plus_state_family_compiler": {
    "observed_diff": -0.028846153846153848,
    "p": 0.024975024975024976
  },
  "PACT_no_checker": {
    "observed_diff": 0.3,
    "p": 0.000999000999000999
  },
  "PACT_no_compiler": {
    "observed_diff": 0.04230769230769231,
    "p": 0.000999000999000999
  },
  "PACT_no_conflict_resolver": {
    "observed_diff": 0.03653846153846154,
    "p": 0.000999000999000999
  },
  "PACT_no_guard": {
    "observed_diff": 0.08846153846153847,
    "p": 0.000999000999000999
  },
  "PACT_raw_memory": {
    "observed_diff": 0.2153846153846154,
    "p": 0.000999000999000999
  },
  "PACT_specificity_gate": {
    "observed_diff": 0.038461538461538464,
    "p": 0.000999000999000999
  },
  "PACT_state_action_split": {
    "observed_diff": -0.0057692307692307696,
    "p": 0.3806193806193806
  },
  "QueryOnlyClassifier": {
    "observed_diff": 0.3423076923076923,
    "p": 0.000999000999000999
  },
  "QueryPlusContractClassifier": {
    "observed_diff": 0.33653846153846156,
    "p": 0.000999000999000999
  },
  "QueryPlusFamilyClassifier": {
    "observed_diff": 0.1423076923076923,
    "p": 0.000999000999000999
  },
  "QueryPlusWrongContractOnly": {
    "observed_diff": 0.2230769230769231,
    "p": 0.000999000999000999
  },
  "RawMemorySelfCheck": {
    "observed_diff": 0.2980769230769231,
    "p": 0.000999000999000999
  },
  "TfidfRawMemory": {
    "observed_diff": 0.3230769230769231,
    "p": 0.000999000999000999
  }
}
