{
  "contract_shuffle_drop": 0.3017241379310345,
  "label_permutation_success": 0.0,
  "query_only_success": 0.5316091954022989
}
