{
  "contract_shuffle_drop": 0.3057692307692308,
  "label_permutation_success": 0.28846153846153844,
  "query_only_success": 0.5403846153846154,
  "r2_contract_shuffle_drop": 0.3038461538461539
}
